,noise_level,distance,method,run
0,2,0.5637426493968122,MAPMLAT,0
1,2,0.5394128750803991,MAPMLAT,1
2,2,0.5185835899652863,MAPMLAT,2
3,2,0.4837184127740349,MAPMLAT,3
4,2,0.6014086228908506,MAPMLAT,4
5,2,0.5107562554480192,MAPMLAT,5
6,2,0.5075214760263316,MAPMLAT,6
7,2,0.5073328169789456,MAPMLAT,7
8,2,0.5198056457012933,MAPMLAT,8
9,2,0.528323084235712,MAPMLAT,9
10,2,0.535913882301662,MAPMLAT,10
11,2,0.5034898583157698,MAPMLAT,11
12,2,0.4720458186265132,MAPMLAT,12
13,2,0.541748085405033,MAPMLAT,13
14,2,0.5383520482544893,MAPMLAT,14
15,2,0.5373796475705398,MAPMLAT,15
16,2,0.4596036203477162,MAPMLAT,16
17,2,0.48362924764566795,MAPMLAT,17
18,2,0.4675109135789875,MAPMLAT,18
19,2,0.5122236705349748,MAPMLAT,19
20,2,0.5428004280543416,MAPMLAT,20
21,2,0.5370800753104382,MAPMLAT,21
22,2,0.5100876025760864,MAPMLAT,22
23,2,0.5782397028278258,MAPMLAT,23
24,2,0.5144586298570135,MAPMLAT,24
25,2,0.5502237071041333,MAPMLAT,25
26,2,0.5459384474681526,MAPMLAT,26
27,2,0.5172338792220816,MAPMLAT,27
28,2,0.5445588103169501,MAPMLAT,28
29,2,0.5730316416696366,MAPMLAT,29
30,3,0.6017590458373762,MAPMLAT,0
31,3,0.6625633313058102,MAPMLAT,1
32,3,0.5047948947793656,MAPMLAT,2
33,3,0.6780743824412829,MAPMLAT,3
34,3,0.608754030430699,MAPMLAT,4
35,3,0.557634738655195,MAPMLAT,5
36,3,0.537066350271813,MAPMLAT,6
37,3,0.5341634225008707,MAPMLAT,7
38,3,0.46165680572489526,MAPMLAT,8
39,3,0.6167022428605758,MAPMLAT,9
40,3,0.6646094760361394,MAPMLAT,10
41,3,0.5059443943584965,MAPMLAT,11
42,3,0.5678526475015137,MAPMLAT,12
43,3,0.5935051113602204,MAPMLAT,13
44,3,0.5768892759887739,MAPMLAT,14
45,3,0.5985062313389662,MAPMLAT,15
46,3,0.5639221384624574,MAPMLAT,16
47,3,0.5017524046842519,MAPMLAT,17
48,3,0.4852578938880736,MAPMLAT,18
49,3,0.5479335245303086,MAPMLAT,19
50,3,0.5254280025788748,MAPMLAT,20
51,3,0.6384869366222675,MAPMLAT,21
52,3,0.6434198914113439,MAPMLAT,22
53,3,0.606300046758524,MAPMLAT,23
54,3,0.5099050818333312,MAPMLAT,24
55,3,0.5836361260832945,MAPMLAT,25
56,3,0.5175821260577494,MAPMLAT,26
57,3,0.5342992732655227,MAPMLAT,27
58,3,0.498343654275586,MAPMLAT,28
59,3,0.566642076530113,MAPMLAT,29
60,4,0.6131589179329732,MAPMLAT,0
61,4,0.6052533180114541,MAPMLAT,1
62,4,0.49063542230677665,MAPMLAT,2
63,4,0.6007558364903246,MAPMLAT,3
64,4,0.554373610427779,MAPMLAT,4
65,4,0.6669006462934478,MAPMLAT,5
66,4,0.6970153026834863,MAPMLAT,6
67,4,0.7414490067380616,MAPMLAT,7
68,4,0.5868870206176082,MAPMLAT,8
69,4,0.48337998802409493,MAPMLAT,9
70,4,0.4450266283619694,MAPMLAT,10
71,4,0.6338796518400373,MAPMLAT,11
72,4,0.5009412412800875,MAPMLAT,12
73,4,0.6787705613587289,MAPMLAT,13
74,4,0.724816020743512,MAPMLAT,14
75,4,0.36416178865502047,MAPMLAT,15
76,4,0.4519592833514383,MAPMLAT,16
77,4,0.5899004323700389,MAPMLAT,17
78,4,0.5610388888070482,MAPMLAT,18
79,4,0.5860825010155746,MAPMLAT,19
80,4,0.4568875651210501,MAPMLAT,20
81,4,0.5725307333491105,MAPMLAT,21
82,4,0.5343392109966181,MAPMLAT,22
83,4,0.588852806210596,MAPMLAT,23
84,4,0.45555184353253586,MAPMLAT,24
85,4,0.6318352155468269,MAPMLAT,25
86,4,0.4994796441741017,MAPMLAT,26
87,4,0.5443612588361153,MAPMLAT,27
88,4,0.6003885516619212,MAPMLAT,28
89,4,0.5021502969571165,MAPMLAT,29
90,5,0.5994265013674905,MAPMLAT,0
91,5,0.6253934273919511,MAPMLAT,1
92,5,0.718774461824018,MAPMLAT,2
93,5,0.6518473173915341,MAPMLAT,3
94,5,0.5923845129310922,MAPMLAT,4
95,5,0.7363780105594946,MAPMLAT,5
96,5,0.7060758218944272,MAPMLAT,6
97,5,0.5399732050613888,MAPMLAT,7
98,5,0.7046061785995651,MAPMLAT,8
99,5,0.592884022820421,MAPMLAT,9
100,5,0.5990647959229828,MAPMLAT,10
101,5,0.6386796572182069,MAPMLAT,11
102,5,0.6722163713765332,MAPMLAT,12
103,5,0.535808494886917,MAPMLAT,13
104,5,0.6807423480058171,MAPMLAT,14
105,5,0.6335713977100772,MAPMLAT,15
106,5,0.5184896496031652,MAPMLAT,16
107,5,0.6558180080670264,MAPMLAT,17
108,5,0.5591642149591755,MAPMLAT,18
109,5,0.6925739650859424,MAPMLAT,19
110,5,0.784480674348343,MAPMLAT,20
111,5,0.698079297417004,MAPMLAT,21
112,5,0.5733607428446763,MAPMLAT,22
113,5,0.5405496491154742,MAPMLAT,23
114,5,0.5887907212086437,MAPMLAT,24
115,5,0.5991776868687696,MAPMLAT,25
116,5,0.6329146277626093,MAPMLAT,26
117,5,0.534077560148598,MAPMLAT,27
118,5,0.6599302013027413,MAPMLAT,28
119,5,0.7275237164712712,MAPMLAT,29
120,6,0.6856797969565662,MAPMLAT,0
121,6,0.6819535066369711,MAPMLAT,1
122,6,0.7661438012728097,MAPMLAT,2
123,6,0.7955401567827775,MAPMLAT,3
124,6,0.7264281822256965,MAPMLAT,4
125,6,0.9214927871663288,MAPMLAT,5
126,6,0.7652268483702416,MAPMLAT,6
127,6,0.5263492150585752,MAPMLAT,7
128,6,0.4870605027751775,MAPMLAT,8
129,6,0.629171001507262,MAPMLAT,9
130,6,0.7179469990662164,MAPMLAT,10
131,6,0.8761906520564446,MAPMLAT,11
132,6,0.7003504873834415,MAPMLAT,12
133,6,0.5856774824371063,MAPMLAT,13
134,6,0.6800051839958815,MAPMLAT,14
135,6,0.48680910140379197,MAPMLAT,15
136,6,0.6022346896883648,MAPMLAT,16
137,6,0.7985615475347203,MAPMLAT,17
138,6,0.5564486664204534,MAPMLAT,18
139,6,0.7828352133159135,MAPMLAT,19
140,6,0.7643183432223618,MAPMLAT,20
141,6,0.6506015590905022,MAPMLAT,21
142,6,0.6500047112532145,MAPMLAT,22
143,6,0.5855027840586925,MAPMLAT,23
144,6,0.603097091645805,MAPMLAT,24
145,6,0.6037093885309361,MAPMLAT,25
146,6,0.6443952480745145,MAPMLAT,26
147,6,0.6188545975253523,MAPMLAT,27
148,6,0.6398382429109344,MAPMLAT,28
149,6,0.6055740362752259,MAPMLAT,29
150,7,0.6694536683350417,MAPMLAT,0
151,7,0.508452865488184,MAPMLAT,1
152,7,0.7467172185331882,MAPMLAT,2
153,7,0.9540220001441158,MAPMLAT,3
154,7,1.0360416925586566,MAPMLAT,4
155,7,0.8010483619348971,MAPMLAT,5
156,7,0.587101003444412,MAPMLAT,6
157,7,0.7002982323621564,MAPMLAT,7
158,7,0.8097319677679465,MAPMLAT,8
159,7,0.8038901131350182,MAPMLAT,9
160,7,0.7892918534683582,MAPMLAT,10
161,7,0.8029714509671921,MAPMLAT,11
162,7,0.503575556495513,MAPMLAT,12
163,7,0.8159741760982944,MAPMLAT,13
164,7,1.0377153472943204,MAPMLAT,14
165,7,0.5135790023605354,MAPMLAT,15
166,7,0.6961616133157679,MAPMLAT,16
167,7,0.6335512587856958,MAPMLAT,17
168,7,0.6505110120990162,MAPMLAT,18
169,7,0.787916609699364,MAPMLAT,19
170,7,0.6818715393591597,MAPMLAT,20
171,7,0.6238427511597996,MAPMLAT,21
172,7,0.7378506151742272,MAPMLAT,22
173,7,0.6911695591089028,MAPMLAT,23
174,7,0.7555326337169593,MAPMLAT,24
175,7,0.692527533305374,MAPMLAT,25
176,7,0.8166239068066067,MAPMLAT,26
177,7,0.9371489475457583,MAPMLAT,27
178,7,0.6927893561028824,MAPMLAT,28
179,7,1.017782830706007,MAPMLAT,29
180,8,0.7910957358211341,MAPMLAT,0
181,8,0.8448818585489398,MAPMLAT,1
182,8,0.6155069064872232,MAPMLAT,2
183,8,1.1024554159472637,MAPMLAT,3
184,8,0.7634138005796272,MAPMLAT,4
185,8,0.9488014124587736,MAPMLAT,5
186,8,0.8026832483813753,MAPMLAT,6
187,8,0.880184941951109,MAPMLAT,7
188,8,0.8158024720144392,MAPMLAT,8
189,8,0.9483426174119349,MAPMLAT,9
190,8,1.0728538087767168,MAPMLAT,10
191,8,1.1036434123833132,MAPMLAT,11
192,8,0.837832702686291,MAPMLAT,12
193,8,1.132442169870418,MAPMLAT,13
194,8,0.6363248003501107,MAPMLAT,14
195,8,1.0154408971674826,MAPMLAT,15
196,8,0.9459603470155225,MAPMLAT,16
197,8,0.7549394949771688,MAPMLAT,17
198,8,0.7742599568821179,MAPMLAT,18
199,8,0.9738223374602685,MAPMLAT,19
200,8,0.7707275775198442,MAPMLAT,20
201,8,0.570752727624776,MAPMLAT,21
202,8,0.7433513170386761,MAPMLAT,22
203,8,0.7695426128832741,MAPMLAT,23
204,8,0.8242876044993634,MAPMLAT,24
205,8,0.8035493279551649,MAPMLAT,25
206,8,0.8375467943129128,MAPMLAT,26
207,8,0.7192989088642476,MAPMLAT,27
208,8,1.092175319896584,MAPMLAT,28
209,8,0.6752595984751573,MAPMLAT,29
210,9,1.00538123816803,MAPMLAT,0
211,9,0.9841270998763056,MAPMLAT,1
212,9,0.7936295901434726,MAPMLAT,2
213,9,1.1085813716192285,MAPMLAT,3
214,9,0.899312406748372,MAPMLAT,4
215,9,0.5956930438252539,MAPMLAT,5
216,9,0.5957386478866269,MAPMLAT,6
217,9,1.1222266998490666,MAPMLAT,7
218,9,1.046585537409403,MAPMLAT,8
219,9,0.90036601976059,MAPMLAT,9
220,9,1.0748819698518939,MAPMLAT,10
221,9,0.9340265008050644,MAPMLAT,11
222,9,0.7320382821268442,MAPMLAT,12
223,9,1.0092558795715216,MAPMLAT,13
224,9,0.8596661929792401,MAPMLAT,14
225,9,1.0548954699430506,MAPMLAT,15
226,9,0.6818255500196637,MAPMLAT,16
227,9,0.7069769062714886,MAPMLAT,17
228,9,1.0237273964055382,MAPMLAT,18
229,9,0.9064990882592731,MAPMLAT,19
230,9,0.8540032467760236,MAPMLAT,20
231,9,1.0275774369716302,MAPMLAT,21
232,9,0.9463037584625124,MAPMLAT,22
233,9,0.8371385356695897,MAPMLAT,23
234,9,1.0724577122121957,MAPMLAT,24
235,9,0.5716539805032941,MAPMLAT,25
236,9,0.9445156302401014,MAPMLAT,26
237,9,0.7670576257542616,MAPMLAT,27
238,9,0.7074812836152214,MAPMLAT,28
239,9,0.9803370987979104,MAPMLAT,29
240,10,0.8404535817744767,MAPMLAT,0
241,10,1.1198899037288335,MAPMLAT,1
242,10,1.0761664873533567,MAPMLAT,2
243,10,1.1554840805593094,MAPMLAT,3
244,10,0.45872022943288,MAPMLAT,4
245,10,0.5887928474420419,MAPMLAT,5
246,10,0.8161025006806523,MAPMLAT,6
247,10,0.6338444438940516,MAPMLAT,7
248,10,0.7284199522912197,MAPMLAT,8
249,10,1.1595582073299653,MAPMLAT,9
250,10,0.8417362835845683,MAPMLAT,10
251,10,0.9705208245883878,MAPMLAT,11
252,10,0.873106499538871,MAPMLAT,12
253,10,0.7704254050256547,MAPMLAT,13
254,10,0.6931891505740975,MAPMLAT,14
255,10,0.8928880468598891,MAPMLAT,15
256,10,1.1124633341399148,MAPMLAT,16
257,10,0.8976257667036807,MAPMLAT,17
258,10,0.8757698972257444,MAPMLAT,18
259,10,0.8943722096618101,MAPMLAT,19
260,10,0.9384018380951993,MAPMLAT,20
261,10,0.872045625341487,MAPMLAT,21
262,10,1.124888464512615,MAPMLAT,22
263,10,0.7195158336679974,MAPMLAT,23
264,10,1.0731582791703367,MAPMLAT,24
265,10,0.7922208681218714,MAPMLAT,25
266,10,1.1417917356665224,MAPMLAT,26
267,10,0.5440528867607161,MAPMLAT,27
268,10,0.7296525953764955,MAPMLAT,28
269,10,0.8692346165216096,MAPMLAT,29
270,2,0.05787366839358375,LMLAT,0
271,2,0.07569470515175468,LMLAT,1
272,2,0.1706330438912579,LMLAT,2
273,2,0.06814386954062754,LMLAT,3
274,2,0.037355521824447485,LMLAT,4
275,2,0.04834311321973833,LMLAT,5
276,2,0.08766065611101387,LMLAT,6
277,2,0.029764576388810065,LMLAT,7
278,2,0.0354057154111577,LMLAT,8
279,2,0.060611858398412655,LMLAT,9
280,2,0.0431605272701637,LMLAT,10
281,2,0.028129678299900037,LMLAT,11
282,2,0.04858410661343646,LMLAT,12
283,2,0.03937703640446601,LMLAT,13
284,2,0.050468267715312924,LMLAT,14
285,2,0.05179705176825984,LMLAT,15
286,2,0.01386268671441491,LMLAT,16
287,2,0.0726566912541388,LMLAT,17
288,2,0.04696526003993004,LMLAT,18
289,2,0.08654919844161625,LMLAT,19
290,2,0.10495623303658057,LMLAT,20
291,2,0.03148528228798439,LMLAT,21
292,2,0.03510168565858829,LMLAT,22
293,2,0.05931778082074271,LMLAT,23
294,2,0.033370902839921494,LMLAT,24
295,2,0.04188311644873624,LMLAT,25
296,2,0.035729640201127504,LMLAT,26
297,2,0.07537431514880312,LMLAT,27
298,2,0.04737557184885323,LMLAT,28
299,2,0.07172652993578353,LMLAT,29
300,3,0.04620006420600465,LMLAT,0
301,3,0.08096791370603838,LMLAT,1
302,3,0.0850550752662777,LMLAT,2
303,3,0.1479863550703591,LMLAT,3
304,3,0.04912413362712551,LMLAT,4
305,3,0.07701079503883855,LMLAT,5
306,3,0.07973151747152163,LMLAT,6
307,3,0.07357077604612328,LMLAT,7
308,3,0.06355008887984487,LMLAT,8
309,3,0.12354203075702169,LMLAT,9
310,3,0.053197386818840495,LMLAT,10
311,3,0.14655085211719573,LMLAT,11
312,3,0.06876995114784493,LMLAT,12
313,3,0.18203062806411516,LMLAT,13
314,3,0.06400085676774712,LMLAT,14
315,3,0.07190101885487812,LMLAT,15
316,3,0.03969317119781688,LMLAT,16
317,3,0.05133110396886674,LMLAT,17
318,3,0.1070817317550354,LMLAT,18
319,3,0.10758209296016354,LMLAT,19
320,3,0.17778956628831447,LMLAT,20
321,3,0.0847756709603898,LMLAT,21
322,3,0.045702032794292455,LMLAT,22
323,3,0.1715679394284005,LMLAT,23
324,3,0.11858245139538394,LMLAT,24
325,3,0.13525891019406147,LMLAT,25
326,3,0.1646047878072253,LMLAT,26
327,3,0.051979426280092646,LMLAT,27
328,3,0.14840058820813887,LMLAT,28
329,3,0.16626466485178326,LMLAT,29
330,4,0.013003131482730348,LMLAT,0
331,4,0.14062353954407483,LMLAT,1
332,4,0.1304910363237479,LMLAT,2
333,4,0.19648521484308593,LMLAT,3
334,4,0.05400205808166275,LMLAT,4
335,4,0.14228298302356934,LMLAT,5
336,4,0.209894450632835,LMLAT,6
337,4,0.07333327887370149,LMLAT,7
338,4,0.19142555005274745,LMLAT,8
339,4,0.14623653606970605,LMLAT,9
340,4,0.1546005091919484,LMLAT,10
341,4,0.12977991069074798,LMLAT,11
342,4,0.17387678922201455,LMLAT,12
343,4,0.18702878280755272,LMLAT,13
344,4,0.1525271462789259,LMLAT,14
345,4,0.02818223499565942,LMLAT,15
346,4,0.0590509550611735,LMLAT,16
347,4,0.037373896915027904,LMLAT,17
348,4,0.2597394295214878,LMLAT,18
349,4,0.2391335126280841,LMLAT,19
350,4,0.25463590013737764,LMLAT,20
351,4,0.023893656517101906,LMLAT,21
352,4,0.2642828834964214,LMLAT,22
353,4,0.26263725551302364,LMLAT,23
354,4,0.16870100080330416,LMLAT,24
355,4,0.13119622956198906,LMLAT,25
356,4,0.20210960844741488,LMLAT,26
357,4,0.07780197569238483,LMLAT,27
358,4,0.04699909165365181,LMLAT,28
359,4,0.02528443473553141,LMLAT,29
360,5,0.15736478390718012,LMLAT,0
361,5,0.24451840583489998,LMLAT,1
362,5,0.1399127429653526,LMLAT,2
363,5,0.24458704761058653,LMLAT,3
364,5,0.2130242587700843,LMLAT,4
365,5,0.24304483806225585,LMLAT,5
366,5,0.11954851978200355,LMLAT,6
367,5,0.11919014328067964,LMLAT,7
368,5,0.12997747685329208,LMLAT,8
369,5,0.2472910731986666,LMLAT,9
370,5,0.13677845522074958,LMLAT,10
371,5,0.3369078576692079,LMLAT,11
372,5,0.03460282059448898,LMLAT,12
373,5,0.21957757451354676,LMLAT,13
374,5,0.28227473015872173,LMLAT,14
375,5,0.2395100660269292,LMLAT,15
376,5,0.09990005045357353,LMLAT,16
377,5,0.20486768174469713,LMLAT,17
378,5,0.05060649108681987,LMLAT,18
379,5,0.29265519009324525,LMLAT,19
380,5,0.2043635805127974,LMLAT,20
381,5,0.13230957689850728,LMLAT,21
382,5,0.03675874410343748,LMLAT,22
383,5,0.0703675806710013,LMLAT,23
384,5,0.060671998998323165,LMLAT,24
385,5,0.10825264395776064,LMLAT,25
386,5,0.365277063615007,LMLAT,26
387,5,0.3613937097450887,LMLAT,27
388,5,0.27203213962823153,LMLAT,28
389,5,0.14317564463494845,LMLAT,29
390,6,0.39060600569793885,LMLAT,0
391,6,0.3048397452822547,LMLAT,1
392,6,0.24460073853552816,LMLAT,2
393,6,0.4766095784524673,LMLAT,3
394,6,0.3320617056720721,LMLAT,4
395,6,0.23749628662652691,LMLAT,5
396,6,0.1317275324709733,LMLAT,6
397,6,0.38723218735488096,LMLAT,7
398,6,0.3397259303911362,LMLAT,8
399,6,0.24377260170762505,LMLAT,9
400,6,0.49051385112922674,LMLAT,10
401,6,0.018558970992139427,LMLAT,11
402,6,0.1431662333873862,LMLAT,12
403,6,0.3696166403608029,LMLAT,13
404,6,0.12637971213748286,LMLAT,14
405,6,0.2237252849248519,LMLAT,15
406,6,0.1474076618483916,LMLAT,16
407,6,0.17996525664085253,LMLAT,17
408,6,0.3653033870151654,LMLAT,18
409,6,0.11411590221269044,LMLAT,19
410,6,0.36451672952716857,LMLAT,20
411,6,0.1348002548644515,LMLAT,21
412,6,0.13402156096545373,LMLAT,22
413,6,0.2468077893609534,LMLAT,23
414,6,0.34299793191195566,LMLAT,24
415,6,0.1926567932086417,LMLAT,25
416,6,0.09872944127389541,LMLAT,26
417,6,0.3445686960520382,LMLAT,27
418,6,0.2531750264099182,LMLAT,28
419,6,0.25040927573304955,LMLAT,29
420,7,0.3408743082741304,LMLAT,0
421,7,0.46900704248727054,LMLAT,1
422,7,0.5287168557019754,LMLAT,2
423,7,0.31931915773276814,LMLAT,3
424,7,0.24058581218267197,LMLAT,4
425,7,0.22525233634388245,LMLAT,5
426,7,0.26082248417178583,LMLAT,6
427,7,0.339668441044989,LMLAT,7
428,7,0.14636700245260117,LMLAT,8
429,7,0.3135146988128493,LMLAT,9
430,7,0.1291925482921061,LMLAT,10
431,7,0.11904504496754323,LMLAT,11
432,7,0.23602241424256395,LMLAT,12
433,7,0.06593550621959393,LMLAT,13
434,7,0.38054009382697374,LMLAT,14
435,7,0.1896829823887492,LMLAT,15
436,7,0.3373278786971034,LMLAT,16
437,7,0.41387267505015,LMLAT,17
438,7,0.37253505437961076,LMLAT,18
439,7,0.39238719407943445,LMLAT,19
440,7,0.31931981557179623,LMLAT,20
441,7,0.32068779112564455,LMLAT,21
442,7,0.18834063985736696,LMLAT,22
443,7,0.2754431932545026,LMLAT,23
444,7,0.12636559073422265,LMLAT,24
445,7,0.28994481684390405,LMLAT,25
446,7,0.250198277074037,LMLAT,26
447,7,0.49432350304302297,LMLAT,27
448,7,0.2147404364975424,LMLAT,28
449,7,0.43623489229496937,LMLAT,29
450,8,0.5880109915983284,LMLAT,0
451,8,0.5774076928633061,LMLAT,1
452,8,0.15162228099204914,LMLAT,2
453,8,0.2752088914524139,LMLAT,3
454,8,0.26878420076848425,LMLAT,4
455,8,0.3930704139014105,LMLAT,5
456,8,0.4343366369513794,LMLAT,6
457,8,0.5696665552998744,LMLAT,7
458,8,0.3726833393202061,LMLAT,8
459,8,0.2227656169824824,LMLAT,9
460,8,0.48496199940125173,LMLAT,10
461,8,0.27065707712355547,LMLAT,11
462,8,0.3329751149516855,LMLAT,12
463,8,0.45037531668264075,LMLAT,13
464,8,0.4469790728013175,LMLAT,14
465,8,0.26097687686307636,LMLAT,15
466,8,0.19712955202657872,LMLAT,16
467,8,0.36845717433171077,LMLAT,17
468,8,0.4125333254704953,LMLAT,18
469,8,0.3434767556344467,LMLAT,19
470,8,0.45728824801262585,LMLAT,20
471,8,0.30947993223419734,LMLAT,21
472,8,0.22348004774001157,LMLAT,22
473,8,0.1797782128238373,LMLAT,23
474,8,0.30878288768536255,LMLAT,24
475,8,0.4080935137080725,LMLAT,25
476,8,0.6594808887635112,LMLAT,26
477,8,0.2447249979543152,LMLAT,27
478,8,0.5056425682874047,LMLAT,28
479,8,0.3364992840971977,LMLAT,29
480,9,0.6296745793509692,LMLAT,0
481,9,0.5669805268069464,LMLAT,1
482,9,0.342543036863156,LMLAT,2
483,9,0.2469034708172074,LMLAT,3
484,9,0.22128953733039922,LMLAT,4
485,9,0.4185735456666101,LMLAT,5
486,9,0.35565477189869293,LMLAT,6
487,9,0.16097926660854542,LMLAT,7
488,9,0.20733133729744482,LMLAT,8
489,9,0.28881400996974776,LMLAT,9
490,9,0.4982858805959421,LMLAT,10
491,9,0.5169005464657208,LMLAT,11
492,9,0.44357405661960814,LMLAT,12
493,9,0.1921608484142971,LMLAT,13
494,9,0.660367544911896,LMLAT,14
495,9,0.3603330968540789,LMLAT,15
496,9,0.2743845106579756,LMLAT,16
497,9,0.29445890295772104,LMLAT,17
498,9,0.2662839852848088,LMLAT,18
499,9,0.33165639764609367,LMLAT,19
500,9,0.251372490748887,LMLAT,20
501,9,0.2807507798678374,LMLAT,21
502,9,0.6391593176654095,LMLAT,22
503,9,0.3689134840764828,LMLAT,23
504,9,0.6774455350017095,LMLAT,24
505,9,0.449314105933823,LMLAT,25
506,9,0.3687530762519332,LMLAT,26
507,9,0.6126373898491898,LMLAT,27
508,9,0.27022312611851174,LMLAT,28
509,9,0.4529189407778486,LMLAT,29
510,10,0.6441558915993026,LMLAT,0
511,10,0.5564780349268623,LMLAT,1
512,10,0.278056661335514,LMLAT,2
513,10,0.29128384984503475,LMLAT,3
514,10,0.5930837795454617,LMLAT,4
515,10,0.20032461822024117,LMLAT,5
516,10,0.606376448514653,LMLAT,6
517,10,0.5856508426500205,LMLAT,7
518,10,0.3449188954461913,LMLAT,8
519,10,0.3671334639772283,LMLAT,9
520,10,0.30698664114718427,LMLAT,10
521,10,0.6065987856196922,LMLAT,11
522,10,0.40654350555533614,LMLAT,12
523,10,0.706685236270234,LMLAT,13
524,10,0.21221871929115532,LMLAT,14
525,10,0.3693167431679797,LMLAT,15
526,10,0.5555266787525994,LMLAT,16
527,10,0.6114447745602095,LMLAT,17
528,10,0.8662474363401452,LMLAT,18
529,10,0.6763549274632183,LMLAT,19
530,10,0.5699963758781491,LMLAT,20
531,10,0.6953724320932256,LMLAT,21
532,10,0.4628097504800073,LMLAT,22
533,10,0.40907630272022427,LMLAT,23
534,10,0.5960332919575656,LMLAT,24
535,10,0.008172672973378762,LMLAT,25
536,10,0.0549084066210859,LMLAT,26
537,10,0.9115672937821478,LMLAT,27
538,10,0.6723462340224936,LMLAT,28
539,10,0.4608497515982862,LMLAT,29
540,2,0.03726375737376807,MLAT,0
541,2,0.09985782515653363,MLAT,1
542,2,0.013137056189940124,MLAT,2
543,2,0.045250375913099716,MLAT,3
544,2,0.07476853927443962,MLAT,4
545,2,0.0242987934018336,MLAT,5
546,2,0.09286089383715483,MLAT,6
547,2,0.05540470193165011,MLAT,7
548,2,0.06425016968642938,MLAT,8
549,2,0.054713908089610123,MLAT,9
550,2,0.04903115736304891,MLAT,10
551,2,0.008429557702269209,MLAT,11
552,2,0.01809523498033249,MLAT,12
553,2,0.05926944584246983,MLAT,13
554,2,0.09061523741664652,MLAT,14
555,2,0.023426667220097234,MLAT,15
556,2,0.06713159866994232,MLAT,16
557,2,0.030789681861939384,MLAT,17
558,2,0.042737017005073916,MLAT,18
559,2,0.04897933045314114,MLAT,19
560,2,0.027782527494044196,MLAT,20
561,2,0.04855828401975566,MLAT,21
562,2,0.07934868697432818,MLAT,22
563,2,0.028144034963757603,MLAT,23
564,2,0.04122009862715106,MLAT,24
565,2,0.017029362165543897,MLAT,25
566,2,0.06760504394308026,MLAT,26
567,2,0.010726384385877594,MLAT,27
568,2,0.04371642565716034,MLAT,28
569,2,0.04095255330683457,MLAT,29
570,3,0.09095930798253048,MLAT,0
571,3,0.05246686770816738,MLAT,1
572,3,0.05711026749551667,MLAT,2
573,3,0.06088071975046322,MLAT,3
574,3,0.02868177143224578,MLAT,4
575,3,0.06263556668080827,MLAT,5
576,3,0.02874786076355146,MLAT,6
577,3,0.10638717263364346,MLAT,7
578,3,0.03856214343686911,MLAT,8
579,3,0.06954696824448249,MLAT,9
580,3,0.07693391835913685,MLAT,10
581,3,0.03900355658427721,MLAT,11
582,3,0.08239643901720023,MLAT,12
583,3,0.059656390851292304,MLAT,13
584,3,0.09377639572474306,MLAT,14
585,3,0.07114201416084769,MLAT,15
586,3,0.03596152102524372,MLAT,16
587,3,0.020831434502504183,MLAT,17
588,3,0.012081454276906135,MLAT,18
589,3,0.11954452633799278,MLAT,19
590,3,0.13905185348668664,MLAT,20
591,3,0.1715502372721312,MLAT,21
592,3,0.10718796674567041,MLAT,22
593,3,0.12660040348865928,MLAT,23
594,3,0.09100212942535213,MLAT,24
595,3,0.09642698539844737,MLAT,25
596,3,0.0732376925881985,MLAT,26
597,3,0.07690501827649354,MLAT,27
598,3,0.05720132238838951,MLAT,28
599,3,0.02896859437042783,MLAT,29
600,4,0.05572526909194764,MLAT,0
601,4,0.03071561435015567,MLAT,1
602,4,0.03951913487705791,MLAT,2
603,4,0.10380518934951682,MLAT,3
604,4,0.0422787983090621,MLAT,4
605,4,0.09025295863164569,MLAT,5
606,4,0.06118483298992889,MLAT,6
607,4,0.06300124333487486,MLAT,7
608,4,0.1512511350283207,MLAT,8
609,4,0.10570802549461299,MLAT,9
610,4,0.1058735465463331,MLAT,10
611,4,0.14878485977047726,MLAT,11
612,4,0.05566701438085384,MLAT,12
613,4,0.08650448869310237,MLAT,13
614,4,0.058692551190679315,MLAT,14
615,4,0.1348838145327374,MLAT,15
616,4,0.05993103797298308,MLAT,16
617,4,0.0701722414230297,MLAT,17
618,4,0.09845297891309954,MLAT,18
619,4,0.071648927252861,MLAT,19
620,4,0.06010550299346972,MLAT,20
621,4,0.19508989438643864,MLAT,21
622,4,0.0943012868410371,MLAT,22
623,4,0.12749322974820473,MLAT,23
624,4,0.06612129978519665,MLAT,24
625,4,0.0239309783990151,MLAT,25
626,4,0.021383072838793312,MLAT,26
627,4,0.02198383435457874,MLAT,27
628,4,0.15340137111365615,MLAT,28
629,4,0.1736135009714639,MLAT,29
630,5,0.15236676466489693,MLAT,0
631,5,0.1488935557320526,MLAT,1
632,5,0.2692943477228641,MLAT,2
633,5,0.06260093053794068,MLAT,3
634,5,0.07371395625048659,MLAT,4
635,5,0.0627995832380295,MLAT,5
636,5,0.1892197686469424,MLAT,6
637,5,0.03238086100823912,MLAT,7
638,5,0.11076467236016542,MLAT,8
639,5,0.07521764729245822,MLAT,9
640,5,0.1455850527534725,MLAT,10
641,5,0.05751906185637556,MLAT,11
642,5,0.15260789196971794,MLAT,12
643,5,0.18971393811085058,MLAT,13
644,5,0.18899827957382795,MLAT,14
645,5,0.08561572411556732,MLAT,15
646,5,0.2377066593079012,MLAT,16
647,5,0.0909207006192264,MLAT,17
648,5,0.1999441150385612,MLAT,18
649,5,0.15359320312802466,MLAT,19
650,5,0.061185688101574535,MLAT,20
651,5,0.05902947775830159,MLAT,21
652,5,0.08948218115104484,MLAT,22
653,5,0.23241843043986654,MLAT,23
654,5,0.1508489206677389,MLAT,24
655,5,0.04509678517765897,MLAT,25
656,5,0.15771456450681748,MLAT,26
657,5,0.1562609552327781,MLAT,27
658,5,0.1337507280860635,MLAT,28
659,5,0.09518210265824258,MLAT,29
660,6,0.21650663994643196,MLAT,0
661,6,0.14869288528301092,MLAT,1
662,6,0.11273888894781815,MLAT,2
663,6,0.12973521779634783,MLAT,3
664,6,0.1552137927669386,MLAT,4
665,6,0.2236137467459312,MLAT,5
666,6,0.052217959176061375,MLAT,6
667,6,0.1731612066544505,MLAT,7
668,6,0.04261483950488178,MLAT,8
669,6,0.07264594674079457,MLAT,9
670,6,0.07825069291392674,MLAT,10
671,6,0.21974223685227484,MLAT,11
672,6,0.1468612897183083,MLAT,12
673,6,0.059115051876272674,MLAT,13
674,6,0.057333049591200023,MLAT,14
675,6,0.3309989406358086,MLAT,15
676,6,0.10354929983760221,MLAT,16
677,6,0.11340319983059925,MLAT,17
678,6,0.035207448432735766,MLAT,18
679,6,0.13519298877908345,MLAT,19
680,6,0.08398640103091144,MLAT,20
681,6,0.23345028040854157,MLAT,21
682,6,0.12754138313828764,MLAT,22
683,6,0.10918053716465674,MLAT,23
684,6,0.04528863610904224,MLAT,24
685,6,0.21045097277608868,MLAT,25
686,6,0.09460698251727162,MLAT,26
687,6,0.03162827279963777,MLAT,27
688,6,0.22660854605680414,MLAT,28
689,6,0.1411599309789571,MLAT,29
690,7,0.06996615048827347,MLAT,0
691,7,0.2618347927089599,MLAT,1
692,7,0.17774522561015893,MLAT,2
693,7,0.13516275358228702,MLAT,3
694,7,0.265067165877693,MLAT,4
695,7,0.30311426072116326,MLAT,5
696,7,0.1276770731339131,MLAT,6
697,7,0.19695018513656068,MLAT,7
698,7,0.09804073598545848,MLAT,8
699,7,0.1897056808179499,MLAT,9
700,7,0.19017717654169583,MLAT,10
701,7,0.2630190803701729,MLAT,11
702,7,0.2378645660898377,MLAT,12
703,7,0.17182252637811377,MLAT,13
704,7,0.13898368444698306,MLAT,14
705,7,0.1811269567893653,MLAT,15
706,7,0.20119991689198788,MLAT,16
707,7,0.06718784522085808,MLAT,17
708,7,0.18683313542180394,MLAT,18
709,7,0.18087709358721127,MLAT,19
710,7,0.12464392269819169,MLAT,20
711,7,0.08198517802512748,MLAT,21
712,7,0.1299537560671767,MLAT,22
713,7,0.04226441071586372,MLAT,23
714,7,0.1607412177421161,MLAT,24
715,7,0.047671238844586246,MLAT,25
716,7,0.29474981240090325,MLAT,26
717,7,0.11875986679948478,MLAT,27
718,7,0.2052486626476425,MLAT,28
719,7,0.06992118751962466,MLAT,29
720,8,0.19028128147775958,MLAT,0
721,8,0.2711886564221926,MLAT,1
722,8,0.0985322267074815,MLAT,2
723,8,0.18471146958703205,MLAT,3
724,8,0.28324994317043684,MLAT,4
725,8,0.2574949950080703,MLAT,5
726,8,0.202420611093171,MLAT,6
727,8,0.16951060169820192,MLAT,7
728,8,0.2860362544966813,MLAT,8
729,8,0.19333700417761449,MLAT,9
730,8,0.052142183964656974,MLAT,10
731,8,0.32630540577794936,MLAT,11
732,8,0.04227580464860231,MLAT,12
733,8,0.2646595234644616,MLAT,13
734,8,0.22460405212634577,MLAT,14
735,8,0.12983496617337875,MLAT,15
736,8,0.3888176753677461,MLAT,16
737,8,0.1247120586293229,MLAT,17
738,8,0.19135378718355647,MLAT,18
739,8,0.3133560307801281,MLAT,19
740,8,0.23009098672451186,MLAT,20
741,8,0.3880856340169335,MLAT,21
742,8,0.23348837537423858,MLAT,22
743,8,0.39702965146456515,MLAT,23
744,8,0.23248559364697582,MLAT,24
745,8,0.21600443006611617,MLAT,25
746,8,0.2663670868432903,MLAT,26
747,8,0.2197394173220523,MLAT,27
748,8,0.285490283794382,MLAT,28
749,8,0.34012588982279857,MLAT,29
750,9,0.17099128850361478,MLAT,0
751,9,0.21678418344131842,MLAT,1
752,9,0.08318819238781537,MLAT,2
753,9,0.2080793104059467,MLAT,3
754,9,0.12821753328948637,MLAT,4
755,9,0.38287919131239795,MLAT,5
756,9,0.08422687155095208,MLAT,6
757,9,0.23733167659025625,MLAT,7
758,9,0.23340967287475864,MLAT,8
759,9,0.24544518452249714,MLAT,9
760,9,0.1972328107879081,MLAT,10
761,9,0.281883336805137,MLAT,11
762,9,0.3605836994366391,MLAT,12
763,9,0.305215789399701,MLAT,13
764,9,0.1520325442408017,MLAT,14
765,9,0.27689291365955454,MLAT,15
766,9,0.3548859885623932,MLAT,16
767,9,0.052013158218875234,MLAT,17
768,9,0.1600282064074182,MLAT,18
769,9,0.4248364764620932,MLAT,19
770,9,0.03044883368608667,MLAT,20
771,9,0.06810271783672772,MLAT,21
772,9,0.078923312837584,MLAT,22
773,9,0.20845986794669066,MLAT,23
774,9,0.30431993369738686,MLAT,24
775,9,0.1055026441498307,MLAT,25
776,9,0.16076353292720952,MLAT,26
777,9,0.24196006888658747,MLAT,27
778,9,0.03618014655963507,MLAT,28
779,9,0.3076251451697459,MLAT,29
780,10,0.4380197514004099,MLAT,0
781,10,0.07755534818602824,MLAT,1
782,10,0.15810137700643329,MLAT,2
783,10,0.5234901422550532,MLAT,3
784,10,0.3446273015080995,MLAT,4
785,10,0.081481867698092,MLAT,5
786,10,0.12402739110820188,MLAT,6
787,10,0.3128990765035093,MLAT,7
788,10,0.27296774296747256,MLAT,8
789,10,0.4082397470125992,MLAT,9
790,10,0.3906805572426725,MLAT,10
791,10,0.21579263930616474,MLAT,11
792,10,0.05660597619833182,MLAT,12
793,10,0.22151592709369922,MLAT,13
794,10,0.3787709152320886,MLAT,14
795,10,0.26049419930085627,MLAT,15
796,10,0.1061125819085388,MLAT,16
797,10,0.2182252575083388,MLAT,17
798,10,0.3322913095079574,MLAT,18
799,10,0.1564425231877579,MLAT,19
800,10,0.15681482616993545,MLAT,20
801,10,0.1498685978628394,MLAT,21
802,10,0.20653442076975065,MLAT,22
803,10,0.3209471167806873,MLAT,23
804,10,0.10880407611195603,MLAT,24
805,10,0.33967976423847684,MLAT,25
806,10,0.2256860029138474,MLAT,26
807,10,0.2869044011472505,MLAT,27
808,10,0.023957760504460284,MLAT,28
809,10,0.08170486311629666,MLAT,29
810,2,0.07107792095087542,PMLAT,0
811,2,0.018965129780266987,PMLAT,1
812,2,0.038383218886410955,PMLAT,2
813,2,0.02432203265202465,PMLAT,3
814,2,0.09119222006618027,PMLAT,4
815,2,0.040395237601384894,PMLAT,5
816,2,0.024007818416293594,PMLAT,6
817,2,0.06559498828193425,PMLAT,7
818,2,0.06195122618507677,PMLAT,8
819,2,0.06292074984149108,PMLAT,9
820,2,0.04080109028493939,PMLAT,10
821,2,0.03739991850558321,PMLAT,11
822,2,0.07860143323766737,PMLAT,12
823,2,0.049245285793726466,PMLAT,13
824,2,0.048674090569902975,PMLAT,14
825,2,0.02647288291347883,PMLAT,15
826,2,0.03429424302514208,PMLAT,16
827,2,0.0675438737502022,PMLAT,17
828,2,0.02214714718894237,PMLAT,18
829,2,0.06731151935037964,PMLAT,19
830,2,0.016603990510667462,PMLAT,20
831,2,0.049785825866716225,PMLAT,21
832,2,0.032544809507936555,PMLAT,22
833,2,0.05329598322323473,PMLAT,23
834,2,0.03142632262033653,PMLAT,24
835,2,0.0177651490109944,PMLAT,25
836,2,0.07184902064142798,PMLAT,26
837,2,0.057776415822836075,PMLAT,27
838,2,0.03964825156085075,PMLAT,28
839,2,0.05245188325950964,PMLAT,29
840,3,0.07526951180531742,PMLAT,0
841,3,0.07231839986578582,PMLAT,1
842,3,0.15873905259409749,PMLAT,2
843,3,0.11308985679517908,PMLAT,3
844,3,0.14952703798544711,PMLAT,4
845,3,0.0368040437167917,PMLAT,5
846,3,0.0825988750999372,PMLAT,6
847,3,0.08367192989071973,PMLAT,7
848,3,0.0838241168265095,PMLAT,8
849,3,0.06468357064321206,PMLAT,9
850,3,0.07064474709526444,PMLAT,10
851,3,0.10950562059063786,PMLAT,11
852,3,0.07355862784263016,PMLAT,12
853,3,0.05443138702565407,PMLAT,13
854,3,0.07498071383795042,PMLAT,14
855,3,0.1024523218473124,PMLAT,15
856,3,0.06035202433849378,PMLAT,16
857,3,0.07614956519516675,PMLAT,17
858,3,0.04780255583003687,PMLAT,18
859,3,0.11431881381197082,PMLAT,19
860,3,0.0979425666895755,PMLAT,20
861,3,0.03004726903083248,PMLAT,21
862,3,0.09942524283060324,PMLAT,22
863,3,0.031946581889038275,PMLAT,23
864,3,0.08359772038003149,PMLAT,24
865,3,0.05536793214319036,PMLAT,25
866,3,0.04985321903182449,PMLAT,26
867,3,0.06753049229587889,PMLAT,27
868,3,0.13261393695744744,PMLAT,28
869,3,0.050432248203650484,PMLAT,29
870,4,0.06264766169867855,PMLAT,0
871,4,0.14163571705408134,PMLAT,1
872,4,0.12298035475396546,PMLAT,2
873,4,0.06311426677470809,PMLAT,3
874,4,0.18229886121289512,PMLAT,4
875,4,0.06461910513067703,PMLAT,5
876,4,0.09702072315675393,PMLAT,6
877,4,0.0886712799377821,PMLAT,7
878,4,0.09575541621280181,PMLAT,8
879,4,0.12390722558488035,PMLAT,9
880,4,0.05838221393195141,PMLAT,10
881,4,0.16172749225059627,PMLAT,11
882,4,0.03546752778036249,PMLAT,12
883,4,0.12858065015244133,PMLAT,13
884,4,0.11045879993210629,PMLAT,14
885,4,0.09826625148989573,PMLAT,15
886,4,0.13503302097077852,PMLAT,16
887,4,0.0649800788643208,PMLAT,17
888,4,0.0475529262889799,PMLAT,18
889,4,0.04783794033685804,PMLAT,19
890,4,0.1269078603549376,PMLAT,20
891,4,0.028441977774639058,PMLAT,21
892,4,0.04395983247065566,PMLAT,22
893,4,0.08428380035252313,PMLAT,23
894,4,0.04801350292366396,PMLAT,24
895,4,0.020271703554039514,PMLAT,25
896,4,0.1190450704107081,PMLAT,26
897,4,0.024479580281050045,PMLAT,27
898,4,0.11226880816478627,PMLAT,28
899,4,0.09938458673367832,PMLAT,29
900,5,0.1050719263257972,PMLAT,0
901,5,0.13993208453000996,PMLAT,1
902,5,0.16446216387330662,PMLAT,2
903,5,0.057920496835663776,PMLAT,3
904,5,0.11935876116577564,PMLAT,4
905,5,0.11240633785573131,PMLAT,5
906,5,0.05379283070400061,PMLAT,6
907,5,0.21609494039146745,PMLAT,7
908,5,0.14603647572342224,PMLAT,8
909,5,0.041717196383361944,PMLAT,9
910,5,0.12888932949941106,PMLAT,10
911,5,0.11291960392283883,PMLAT,11
912,5,0.027998843677860062,PMLAT,12
913,5,0.08226765325441052,PMLAT,13
914,5,0.13860732850858867,PMLAT,14
915,5,0.09379573674629339,PMLAT,15
916,5,0.13214363349715227,PMLAT,16
917,5,0.11870603058792893,PMLAT,17
918,5,0.16578382223767738,PMLAT,18
919,5,0.28629273469250915,PMLAT,19
920,5,0.0737275286162981,PMLAT,20
921,5,0.10886446858525459,PMLAT,21
922,5,0.11673418119698953,PMLAT,22
923,5,0.07858324770408356,PMLAT,23
924,5,0.1116886832142908,PMLAT,24
925,5,0.11377839868662507,PMLAT,25
926,5,0.061729597182180934,PMLAT,26
927,5,0.21367173751457622,PMLAT,27
928,5,0.026620783922108742,PMLAT,28
929,5,0.19178152323296413,PMLAT,29
930,6,0.13663776620732018,PMLAT,0
931,6,0.20991333286814212,PMLAT,1
932,6,0.16290635891487504,PMLAT,2
933,6,0.14420417011780315,PMLAT,3
934,6,0.0877898140507544,PMLAT,4
935,6,0.06338973647264316,PMLAT,5
936,6,0.10628267162630455,PMLAT,6
937,6,0.10717238580668133,PMLAT,7
938,6,0.24698394114985503,PMLAT,8
939,6,0.09662434650373206,PMLAT,9
940,6,0.14808018178703436,PMLAT,10
941,6,0.06297680204243494,PMLAT,11
942,6,0.11786930683276443,PMLAT,12
943,6,0.07468055348415088,PMLAT,13
944,6,0.10128346353205206,PMLAT,14
945,6,0.27963419880791285,PMLAT,15
946,6,0.09255003981172773,PMLAT,16
947,6,0.19159378935382276,PMLAT,17
948,6,0.11598754346562042,PMLAT,18
949,6,0.21606917538527226,PMLAT,19
950,6,0.20418316476442913,PMLAT,20
951,6,0.14576826375387278,PMLAT,21
952,6,0.1002796232987243,PMLAT,22
953,6,0.14331347407013967,PMLAT,23
954,6,0.29748757122813807,PMLAT,24
955,6,0.21042724239583768,PMLAT,25
956,6,0.06097864541090414,PMLAT,26
957,6,0.06338860233878607,PMLAT,27
958,6,0.08929023571746353,PMLAT,28
959,6,0.13820191670610113,PMLAT,29
960,7,0.22608770056242633,PMLAT,0
961,7,0.10456486031082929,PMLAT,1
962,7,0.19743865689201973,PMLAT,2
963,7,0.13657751409172697,PMLAT,3
964,7,0.14410999453681642,PMLAT,4
965,7,0.22989575983987431,PMLAT,5
966,7,0.38045318393293515,PMLAT,6
967,7,0.03972389993195902,PMLAT,7
968,7,0.22320581595258226,PMLAT,8
969,7,0.254986680424095,PMLAT,9
970,7,0.1521203143419529,PMLAT,10
971,7,0.14479936879819336,PMLAT,11
972,7,0.2522785600958193,PMLAT,12
973,7,0.29007570600795296,PMLAT,13
974,7,0.11519083846540254,PMLAT,14
975,7,0.047635022280630795,PMLAT,15
976,7,0.14052102800793576,PMLAT,16
977,7,0.23969884505306913,PMLAT,17
978,7,0.13900063346694697,PMLAT,18
979,7,0.048577939502792294,PMLAT,19
980,7,0.0755631956601477,PMLAT,20
981,7,0.14930288839659211,PMLAT,21
982,7,0.3049687241725952,PMLAT,22
983,7,0.16117123875150738,PMLAT,23
984,7,0.20551903215642825,PMLAT,24
985,7,0.13474916223751465,PMLAT,25
986,7,0.12436250465358481,PMLAT,26
987,7,0.05116523258049894,PMLAT,27
988,7,0.11632033672676717,PMLAT,28
989,7,0.17631426329989047,PMLAT,29
990,8,0.24572602538821542,PMLAT,0
991,8,0.1816097603336722,PMLAT,1
992,8,0.06301744320601986,PMLAT,2
993,8,0.20483435079612866,PMLAT,3
994,8,0.2854102071033948,PMLAT,4
995,8,0.1843565883410169,PMLAT,5
996,8,0.14349465916861984,PMLAT,6
997,8,0.025832460401902083,PMLAT,7
998,8,0.15198856964595212,PMLAT,8
999,8,0.2282094261503082,PMLAT,9
1000,8,0.11452843202839286,PMLAT,10
1001,8,0.012695525740500384,PMLAT,11
1002,8,0.15672572177268945,PMLAT,12
1003,8,0.15987097217704896,PMLAT,13
1004,8,0.08082424663950968,PMLAT,14
1005,8,0.05919773093934602,PMLAT,15
1006,8,0.2780859638042841,PMLAT,16
1007,8,0.17549162562357226,PMLAT,17
1008,8,0.10300490309904367,PMLAT,18
1009,8,0.1719359731681957,PMLAT,19
1010,8,0.08744448731275452,PMLAT,20
1011,8,0.20308057196311063,PMLAT,21
1012,8,0.10389491831489737,PMLAT,22
1013,8,0.36228707927428494,PMLAT,23
1014,8,0.14059229076034013,PMLAT,24
1015,8,0.1293148751837507,PMLAT,25
1016,8,0.22091264712116868,PMLAT,26
1017,8,0.24661952644846627,PMLAT,27
1018,8,0.1851749105209133,PMLAT,28
1019,8,0.23775088253920662,PMLAT,29
1020,9,0.23472279690682438,PMLAT,0
1021,9,0.1935005511086679,PMLAT,1
1022,9,0.1267389987868384,PMLAT,2
1023,9,0.23578122772271057,PMLAT,3
1024,9,0.17301527737625436,PMLAT,4
1025,9,0.2152711696236923,PMLAT,5
1026,9,0.07754183715504197,PMLAT,6
1027,9,0.05253532827292707,PMLAT,7
1028,9,0.16870915520619534,PMLAT,8
1029,9,0.0969584380365421,PMLAT,9
1030,9,0.415780820990054,PMLAT,10
1031,9,0.37352677778404075,PMLAT,11
1032,9,0.25154199756808604,PMLAT,12
1033,9,0.3323669356392971,PMLAT,13
1034,9,0.1561201200227159,PMLAT,14
1035,9,0.06592898156606407,PMLAT,15
1036,9,0.23630283716162576,PMLAT,16
1037,9,0.145963507410437,PMLAT,17
1038,9,0.11415713431985182,PMLAT,18
1039,9,0.02541185678900168,PMLAT,19
1040,9,0.1627756665562868,PMLAT,20
1041,9,0.06175057723722073,PMLAT,21
1042,9,0.37783012599860477,PMLAT,22
1043,9,0.20731801291827676,PMLAT,23
1044,9,0.22370444218183624,PMLAT,24
1045,9,0.21787028506140194,PMLAT,25
1046,9,0.23099945928106183,PMLAT,26
1047,9,0.10851556536848249,PMLAT,27
1048,9,0.35994792752663535,PMLAT,28
1049,9,0.34626423724762145,PMLAT,29
1050,10,0.1443231933342856,PMLAT,0
1051,10,0.5068406310740676,PMLAT,1
1052,10,0.1534167162025126,PMLAT,2
1053,10,0.21072445313048851,PMLAT,3
1054,10,0.13911455246968718,PMLAT,4
1055,10,0.31825710304864646,PMLAT,5
1056,10,0.4100651817466393,PMLAT,6
1057,10,0.21151324283153866,PMLAT,7
1058,10,0.4090156634488789,PMLAT,8
1059,10,0.198230294261704,PMLAT,9
1060,10,0.25713007558129286,PMLAT,10
1061,10,0.31538164040534955,PMLAT,11
1062,10,0.48803528702152577,PMLAT,12
1063,10,0.17154293127466239,PMLAT,13
1064,10,0.1947137144932387,PMLAT,14
1065,10,0.28349736136151515,PMLAT,15
1066,10,0.704970617923449,PMLAT,16
1067,10,0.24157356749210293,PMLAT,17
1068,10,0.6180031991748978,PMLAT,18
1069,10,0.23382245272844773,PMLAT,19
1070,10,0.36142997800140597,PMLAT,20
1071,10,0.2305916074838985,PMLAT,21
1072,10,0.3467925679470952,PMLAT,22
1073,10,0.3487537835611552,PMLAT,23
1074,10,0.3255819801134029,PMLAT,24
1075,10,0.11026392909052728,PMLAT,25
1076,10,0.33054894658311323,PMLAT,26
1077,10,0.2104745611807771,PMLAT,27
1078,10,0.3253312706193664,PMLAT,28
1079,10,0.308082432958884,PMLAT,29
1080,2,9.032547211677462,BMLAT,0
1081,2,0.041261177385822474,BMLAT,1
1082,2,4.2892006727708205,BMLAT,2
1083,2,4.175055464369633,BMLAT,3
1084,2,0.015527932886104724,BMLAT,4
1085,2,4.34002133447181,BMLAT,5
1086,2,0.026787053192808802,BMLAT,6
1087,2,0.06237391608058276,BMLAT,7
1088,2,0.02518415004124364,BMLAT,8
1089,2,0.01872173414745377,BMLAT,9
1090,2,0.06824929593260333,BMLAT,10
1091,2,0.053117270676427394,BMLAT,11
1092,2,0.08578735211707143,BMLAT,12
1093,2,0.035584038219193065,BMLAT,13
1094,2,0.1291941004966759,BMLAT,14
1095,2,0.05134647480575415,BMLAT,15
1096,2,0.03108784863170535,BMLAT,16
1097,2,0.043500938858156445,BMLAT,17
1098,2,0.08632825656332564,BMLAT,18
1099,2,0.11443390604103253,BMLAT,19
1100,2,0.009190507669028446,BMLAT,20
1101,2,0.004517419438400473,BMLAT,21
1102,2,0.020163313028240353,BMLAT,22
1103,2,3.849682686182821,BMLAT,23
1104,2,0.027101310524049238,BMLAT,24
1105,2,0.03592612780054806,BMLAT,25
1106,2,0.038866432810043844,BMLAT,26
1107,2,0.007014519261501175,BMLAT,27
1108,2,0.08585767348096011,BMLAT,28
1109,2,0.03455594023471375,BMLAT,29
1110,3,0.031600445924659486,BMLAT,0
1111,3,0.038252378097313036,BMLAT,1
1112,3,0.10029864824546657,BMLAT,2
1113,3,0.03295746798028358,BMLAT,3
1114,3,0.045741578204406004,BMLAT,4
1115,3,0.036899763953306255,BMLAT,5
1116,3,0.06258831977803156,BMLAT,6
1117,3,0.03852409385066396,BMLAT,7
1118,3,0.07244937354502962,BMLAT,8
1119,3,0.04223170967406365,BMLAT,9
1120,3,0.06958738041157397,BMLAT,10
1121,3,0.04733177497540495,BMLAT,11
1122,3,0.05973723986507823,BMLAT,12
1123,3,0.06735408084692181,BMLAT,13
1124,3,0.07818239533306263,BMLAT,14
1125,3,0.07850141080418727,BMLAT,15
1126,3,0.06359069301079748,BMLAT,16
1127,3,0.0704730826526191,BMLAT,17
1128,3,0.07240271657453642,BMLAT,18
1129,3,0.08583331815370086,BMLAT,19
1130,3,0.07378238777020879,BMLAT,20
1131,3,0.04340973220539787,BMLAT,21
1132,3,0.06597902875150484,BMLAT,22
1133,3,0.02712013353842086,BMLAT,23
1134,3,0.06978284238890625,BMLAT,24
1135,3,0.0171772867833124,BMLAT,25
1136,3,0.053432124709435334,BMLAT,26
1137,3,0.06601389997170724,BMLAT,27
1138,3,0.0695276755853386,BMLAT,28
1139,3,0.06707321789053705,BMLAT,29
1140,4,0.0847370785014228,BMLAT,0
1141,4,0.015016591519324994,BMLAT,1
1142,4,0.062044493142988544,BMLAT,2
1143,4,0.06367535121576744,BMLAT,3
1144,4,0.13266081648482306,BMLAT,4
1145,4,0.04656466814642294,BMLAT,5
1146,4,0.08129712131965078,BMLAT,6
1147,4,0.06964954993287967,BMLAT,7
1148,4,0.10009505765659729,BMLAT,8
1149,4,0.02523151724141077,BMLAT,9
1150,4,0.059155135116988805,BMLAT,10
1151,4,0.05078887771732857,BMLAT,11
1152,4,0.023310191260380298,BMLAT,12
1153,4,0.05322294913947329,BMLAT,13
1154,4,0.04401704754610251,BMLAT,14
1155,4,0.09061408004796488,BMLAT,15
1156,4,0.02881814657214864,BMLAT,16
1157,4,0.05112385038590946,BMLAT,17
1158,4,0.06268252656670306,BMLAT,18
1159,4,0.05797861905017494,BMLAT,19
1160,4,0.07012536319268178,BMLAT,20
1161,4,0.045349127319869786,BMLAT,21
1162,4,0.021731732638214908,BMLAT,22
1163,4,0.027507555073148428,BMLAT,23
1164,4,0.0650256700572101,BMLAT,24
1165,4,0.12204442258832135,BMLAT,25
1166,4,0.12254707984089916,BMLAT,26
1167,4,0.01585846431158294,BMLAT,27
1168,4,0.02636123626307234,BMLAT,28
1169,4,0.03642621233052539,BMLAT,29
1170,5,0.026511925515870133,BMLAT,0
1171,5,0.030294418458728798,BMLAT,1
1172,5,0.047671863082862795,BMLAT,2
1173,5,0.04991681644136446,BMLAT,3
1174,5,0.09637066431335424,BMLAT,4
1175,5,0.11877935115597373,BMLAT,5
1176,5,0.08212234768147512,BMLAT,6
1177,5,0.034394409629356006,BMLAT,7
1178,5,0.1161427770796105,BMLAT,8
1179,5,0.03788268321728959,BMLAT,9
1180,5,0.12542510654352487,BMLAT,10
1181,5,0.03475254053150983,BMLAT,11
1182,5,0.0836530921034172,BMLAT,12
1183,5,0.03941467719391057,BMLAT,13
1184,5,0.13203624545857767,BMLAT,14
1185,5,0.07888495109363251,BMLAT,15
1186,5,0.10706740039908669,BMLAT,16
1187,5,0.0316600085752761,BMLAT,17
1188,5,0.07517407579973068,BMLAT,18
1189,5,0.06464738259033012,BMLAT,19
1190,5,0.04895837522757326,BMLAT,20
1191,5,0.10113151835793827,BMLAT,21
1192,5,0.060594026857068904,BMLAT,22
1193,5,0.1139768187527368,BMLAT,23
1194,5,0.05697959379209736,BMLAT,24
1195,5,0.10265895268077276,BMLAT,25
1196,5,0.05381245661676906,BMLAT,26
1197,5,0.018244333827588555,BMLAT,27
1198,5,0.011738424082837415,BMLAT,28
1199,5,0.03811738062621344,BMLAT,29
1200,6,0.05867781927304949,BMLAT,0
1201,6,0.03807253590888274,BMLAT,1
1202,6,0.10236317577016345,BMLAT,2
1203,6,0.06930946911186475,BMLAT,3
1204,6,0.06074318088776455,BMLAT,4
1205,6,0.04926178944769606,BMLAT,5
1206,6,0.0350402812120666,BMLAT,6
1207,6,0.03161732676993795,BMLAT,7
1208,6,0.05372434727313038,BMLAT,8
1209,6,0.04543330428978144,BMLAT,9
1210,6,0.08269873860407968,BMLAT,10
1211,6,0.1254110913944474,BMLAT,11
1212,6,0.06601725050242968,BMLAT,12
1213,6,0.17932884562342155,BMLAT,13
1214,6,0.03070138759627156,BMLAT,14
1215,6,0.03324125597516664,BMLAT,15
1216,6,0.1039418241967543,BMLAT,16
1217,6,0.006876109064118924,BMLAT,17
1218,6,0.05067766575872835,BMLAT,18
1219,6,0.106381984775957,BMLAT,19
1220,6,0.013293994836534382,BMLAT,20
1221,6,0.049606928514915036,BMLAT,21
1222,6,0.12658798012091893,BMLAT,22
1223,6,0.05364826631390755,BMLAT,23
1224,6,0.05719319618391033,BMLAT,24
1225,6,0.0831551808856758,BMLAT,25
1226,6,0.008851342237393697,BMLAT,26
1227,6,0.023254446949726688,BMLAT,27
1228,6,0.08061400747315499,BMLAT,28
1229,6,0.04830784926909275,BMLAT,29
1230,7,0.09945872390224021,BMLAT,0
1231,7,0.0699160981047751,BMLAT,1
1232,7,0.08087298322717372,BMLAT,2
1233,7,0.15611805989377125,BMLAT,3
1234,7,0.06250880278173422,BMLAT,4
1235,7,0.03519408247012777,BMLAT,5
1236,7,0.1413213312584185,BMLAT,6
1237,7,0.16996745287511175,BMLAT,7
1238,7,0.16451215987063808,BMLAT,8
1239,7,0.06408135841710617,BMLAT,9
1240,7,0.07987067715684552,BMLAT,10
1241,7,0.07595863991585741,BMLAT,11
1242,7,0.16348636632818211,BMLAT,12
1243,7,0.10127688579881233,BMLAT,13
1244,7,0.1924885295815217,BMLAT,14
1245,7,0.05099887182953791,BMLAT,15
1246,7,0.06052623213274511,BMLAT,16
1247,7,0.06898646077006153,BMLAT,17
1248,7,0.09857483809242777,BMLAT,18
1249,7,0.06515884006920984,BMLAT,19
1250,7,0.1502191046241343,BMLAT,20
1251,7,0.0860436012567882,BMLAT,21
1252,7,0.11739022382781553,BMLAT,22
1253,7,0.027743794939940027,BMLAT,23
1254,7,0.13565789573788267,BMLAT,24
1255,7,0.04350953467500149,BMLAT,25
1256,7,0.09309624849896672,BMLAT,26
1257,7,0.016385684550320342,BMLAT,27
1258,7,0.1478256314181887,BMLAT,28
1259,7,0.045598876817021454,BMLAT,29
1260,8,0.08169240376506598,BMLAT,0
1261,8,0.041067647153708906,BMLAT,1
1262,8,0.06892806546115003,BMLAT,2
1263,8,0.14869893725862884,BMLAT,3
1264,8,0.08565073807630758,BMLAT,4
1265,8,0.03669389736958121,BMLAT,5
1266,8,0.04531079944601234,BMLAT,6
1267,8,0.10555909181586076,BMLAT,7
1268,8,0.1181559758727928,BMLAT,8
1269,8,0.0954011636050152,BMLAT,9
1270,8,0.1083107122046968,BMLAT,10
1271,8,0.017292635983392812,BMLAT,11
1272,8,0.08327385371599613,BMLAT,12
1273,8,0.09738622115169675,BMLAT,13
1274,8,0.05640239834895265,BMLAT,14
1275,8,0.0885694135566976,BMLAT,15
1276,8,0.031707926392363604,BMLAT,16
1277,8,0.06317402691534037,BMLAT,17
1278,8,0.019590653928856082,BMLAT,18
1279,8,0.16126291004075077,BMLAT,19
1280,8,0.051120658491933625,BMLAT,20
1281,8,0.05093323302186514,BMLAT,21
1282,8,0.0714193113538489,BMLAT,22
1283,8,0.11747113727833193,BMLAT,23
1284,8,0.05835022802524491,BMLAT,24
1285,8,0.05981231958284462,BMLAT,25
1286,8,0.036354971871285786,BMLAT,26
1287,8,0.031244014456368444,BMLAT,27
1288,8,0.06115569597503629,BMLAT,28
1289,8,0.05985568593106996,BMLAT,29
1290,9,0.05182593723484972,BMLAT,0
1291,9,0.08201423324306858,BMLAT,1
1292,9,0.033366663547860886,BMLAT,2
1293,9,0.15444920916137916,BMLAT,3
1294,9,0.12179036280110427,BMLAT,4
1295,9,0.03688756554364409,BMLAT,5
1296,9,0.1337075989119258,BMLAT,6
1297,9,0.07775837289700076,BMLAT,7
1298,9,0.05769503462121969,BMLAT,8
1299,9,0.09302700883815804,BMLAT,9
1300,9,0.08423015487190157,BMLAT,10
1301,9,0.061903512101438594,BMLAT,11
1302,9,0.05966279724965229,BMLAT,12
1303,9,0.02637722645863329,BMLAT,13
1304,9,0.1567174255078996,BMLAT,14
1305,9,0.09851165844882775,BMLAT,15
1306,9,0.059050497468924754,BMLAT,16
1307,9,0.11434009242355682,BMLAT,17
1308,9,0.12646188957504617,BMLAT,18
1309,9,0.10658882886858895,BMLAT,19
1310,9,0.17728375572734528,BMLAT,20
1311,9,0.047827070944478224,BMLAT,21
1312,9,0.03950519549494046,BMLAT,22
1313,9,0.09941400371470886,BMLAT,23
1314,9,0.0639894387726147,BMLAT,24
1315,9,0.08723071475565883,BMLAT,25
1316,9,0.09597120992316448,BMLAT,26
1317,9,0.022294761839152348,BMLAT,27
1318,9,0.10838029841886863,BMLAT,28
1319,9,0.10031934897757361,BMLAT,29
1320,10,0.07893248758557962,BMLAT,0
1321,10,0.08521489329113242,BMLAT,1
1322,10,0.07461139973789331,BMLAT,2
1323,10,0.14872028815657684,BMLAT,3
1324,10,0.10083108818463034,BMLAT,4
1325,10,0.11326077673683202,BMLAT,5
1326,10,0.1205796619067794,BMLAT,6
1327,10,0.0539426113323487,BMLAT,7
1328,10,0.18054208091413715,BMLAT,8
1329,10,0.05364604760323035,BMLAT,9
1330,10,0.06674722448860496,BMLAT,10
1331,10,0.0781666732570053,BMLAT,11
1332,10,0.16263187902861248,BMLAT,12
1333,10,0.1321875818441628,BMLAT,13
1334,10,0.17030077592442025,BMLAT,14
1335,10,0.04846054021757738,BMLAT,15
1336,10,0.09554484737597264,BMLAT,16
1337,10,0.10058435099268251,BMLAT,17
1338,10,0.09124164281681471,BMLAT,18
1339,10,0.03519551276392718,BMLAT,19
1340,10,0.03535416321324954,BMLAT,20
1341,10,0.13802631096381768,BMLAT,21
1342,10,0.08677424533995329,BMLAT,22
1343,10,0.0719675237624685,BMLAT,23
1344,10,0.08053316464907798,BMLAT,24
1345,10,0.07561273009295841,BMLAT,25
1346,10,0.16912804792379968,BMLAT,26
1347,10,0.024088166694571176,BMLAT,27
1348,10,0.04080240978816712,BMLAT,28
1349,10,0.07151697570936501,BMLAT,29
